{
    "specVersion":"1.0",
    "fileName":"Parking-Chinastar-CSiTVP07P",
    "version":"1.0.0",
    "deviceType":"Parking",
    "manufacturerName":"Chinastar",
    "model":"CSiTVP07P",
    "description":"China Parking detection products",
    "platform":"linux",
    "packageType":"CIGPlugin",
    "date":"2018-08-20 12:16:59",
	"ignoreList":[],
    "bundles":[
    {
        "bundleName": "Parking-Chinastar-CSiTVP07P",
        "bundleVersion": "1.0.0",
        "priority":5,
        "fileName": "Parking-Chinastar-CSiTVP07P-1.0.0.jar",
        "bundleDesc":"",
        "versionDesc":""
    }]
}
